,Average WER,Average CER,Average Levenshtein Distance,Average Precision,Average Recall,Average F1
0,0.9330355514180019,0.7472799918365329,489.3,0.5326535096493121,0.4516070922265835,0.4599090362364164
