,Average WER,Average CER,Average Levenshtein Distance,Average Precision,Average Recall,Average F1
0,0.295187551205091,0.1316010407903678,187.65,0.9143206916193842,0.937999374418491,0.925558596114319
