,Average WER,Average CER,Average Levenshtein Distance,Average Precision,Average Recall,Average F1
0,0.9855288216450658,0.8141086248291141,548.25,0.5289929965051863,0.43642287708443783,0.4558104954338555
