,Average WER,Average CER,Average Levenshtein Distance,Average Precision,Average Recall,Average F1
0,0.9962420649179542,0.9584875771800684,679.35,0.4038468868897562,0.1070087599664262,0.15564379311690982
