,Average WER,Average CER,Average Levenshtein Distance,Average Precision,Average Recall,Average F1
0,0.948457476631839,0.7554452675141623,451.2,0.49683659519465495,0.444294204011622,0.44572833085839286
